rst:0x1 (POWERON_RESET),boot:0x13 (SPI_FAST_FLASH_BOOT)
configsip: 0, SPIWP:0xee
clk_drv:0x00,q_drv:0x00,d_drv:0x00,cs0_drv:0x00,hd_drv:0x00,wp_drv:0x00
mode:DIO, clock div:2
load:0x3fff0030,len:1184
load:0x40078000,len:13232
load:0x40080400,len:3028
Tiempo(ms),Celda1(Kg),Celda2(Kg),Celda3(Kg),Celda6(Kg),Celda4(Kg),Celda5(Kg)
41,0.237,-0.142,0.050,-0.445,-0.462,0.010
133,0.115,0.533,0.398,0.834,-0.462,0.003
226,0.072,-0.566,0.228,0.502,-0.462,-0.038
319,0.100,-1.370,0.053,-0.369,-0.462,0.002
412,-0.063,0.022,0.053,-0.140,-0.462,-0.009
504,-0.267,1.207,-0.200,0.075,-0.462,-0.001
597,-0.164,0.161,-0.410,-1.016,-0.462,0.002
690,0.136,-0.458,-0.147,-0.670,-0.462,-0.001
783,0.198,0.314,0.362,0.719,-0.462,-0.010
876,0.043,0.141,0.324,0.607,-0.462,-0.026
968,0.065,-1.167,-0.005,-0.447,-0.462,0.015
1061,0.017,-0.618,-0.015,-0.214,-0.462,0.017
1154,-0.202,1.128,-0.128,0.964,-0.462,-0.003
1247,-0.211,0.621,-0.438,0.106,-0.462,0.003
1340,0.010,-0.312,-0.351,-0.973,-0.462,-0.014
1432,0.280,0.032,0.185,0.690,-0.462,-0.014
1525,0.137,0.584,0.333,0.559,-0.462,-0.006
1618,0.084,-0.664,0.114,-0.433,-0.462,0.024
1711,0.104,-1.241,0.027,-0.372,-0.462,-0.007
1804,-0.030,0.364,-0.005,0.846,-0.462,-0.012
1896,-0.225,1.165,-0.382,0.382,-0.462,-0.009
1989,-0.166,-0.012,-0.507,-0.887,-0.462,0.016
2082,0.136,-0.457,-0.060,-0.923,-0.462,0.005
2175,0.219,0.438,0.333,0.466,-0.462,-0.002
2267,0.060,-0.022,0.192,0.640,-0.462,0.019
2360,0.098,-1.295,-0.013,-0.643,-0.462,0.022
2453,0.108,-0.593,0.019,0.631,-0.462,-0.004
2546,-0.101,1.208,-0.224,0.364,-0.462,0.003
2639,-0.153,0.446,-0.509,-0.891,-0.462,-0.008
2731,0.030,-0.492,-0.269,-0.962,-0.462,0.005
2824,0.297,0.106,0.199,0.374,-0.462,-0.004
2917,0.197,0.368,0.144,0.466,-0.462,-0.026
3010,0.150,-1.029,-0.052,-0.412,-0.462,0.009
3103,0.187,-0.910,-0.103,-0.311,-0.462,0.010
3195,0.021,0.987,-0.261,0.816,-0.462,-0.003
3288,-0.141,0.905,-0.504,0.193,-0.462,-0.012
3381,-0.046,-0.142,-0.272,-0.582,-0.462,-0.017
3474,0.228,0.052,0.210,0.607,-0.462,-0.001
3567,0.032,0.441,0.228,0.430,-0.462,-0.022
3659,0.080,-0.747,0.024,-0.458,-0.462,0.009
3752,-0.001,-1.024,-0.020,-0.092,-0.462,-0.000
3845,-0.213,0.716,-0.123,0.870,-0.462,0.007
3938,-0.158,0.969,-0.373,-0.186,-0.462,-0.002
4030,0.125,-0.141,-0.248,-0.958,-0.462,-0.014
4123,0.242,0.002,0.202,-0.163,-0.462,-0.006
4216,0.057,0.467,0.183,0.851,-0.462,0.005
4309,0.096,-0.760,-0.007,-0.468,-0.462,0.001
4402,0.024,-0.829,-0.025,0.614,-0.462,-0.011
4494,-0.204,0.966,-0.223,0.343,-0.462,-0.006
4587,-0.123,0.712,-0.433,-0.989,-0.462,0.003
4680,0.199,0.102,-0.076,-0.707,-0.462,0.001
4773,0.235,0.242,0.304,0.621,-0.462,-0.002
4866,0.049,-0.937,0.182,0.433,-0.462,0.008
4958,0.121,-0.443,-0.015,-0.405,5.648,-0.002
5051,0.044,1.214,-0.086,0.161,-0.462,0.002
5144,-0.124,0.537,-0.435,0.841,-0.462,-0.013
5237,-0.004,-0.226,-0.570,-0.984,-0.462,-0.000
5330,0.233,0.187,-0.044,0.065,-0.462,-0.001
5422,0.242,0.134,0.332,0.740,-0.462,0.007
5515,0.036,-0.990,0.191,-0.077,-0.462,0.011
5608,0.059,-0.427,-0.004,-0.431,-0.462,-0.007
5701,-0.044,1.089,-0.037,0.643,-0.462,-0.001
5793,-0.253,0.421,-0.252,0.430,-0.462,0.004
5886,-0.179,-0.154,-0.250,-0.733,-0.462,0.003
5979,0.155,0.457,0.231,-0.369,-0.462,-0.001
6072,0.187,0.103,0.376,0.754,-0.462,-0.008
6165,-0.012,-0.992,0.181,-0.349,-0.462,-0.006
6257,0.025,-0.004,0.021,0.274,-0.462,-0.002
6350,-0.080,1.161,-0.093,0.845,-0.462,-0.002
6443,-0.242,0.115,-0.352,-0.329,-0.462,-0.009
6536,-0.166,-0.241,-0.264,-0.754,-0.462,-0.002
6629,0.137,0.494,0.285,0.282,-0.462,-0.000
6721,0.170,-0.165,0.371,0.719,17.870,-0.005
6814,0.015,-1.287,0.132,-0.276,-0.462,0.014
6907,0.107,0.008,0.033,-0.467,-0.462,-0.002
7000,-0.028,1.121,-0.099,0.741,-0.462,-0.001
7093,-0.230,-0.113,-0.345,0.266,-0.462,-0.007
7185,0.137,-0.430,-0.224,-0.637,-0.462,-0.013
7278,0.208,0.366,0.275,0.627,-0.462,-0.006
7371,0.056,-0.184,0.295,0.463,-0.462,-0.011
7464,0.133,-1.249,0.030,-0.486,-0.462,0.007
7557,0.044,-0.192,-0.012,-0.222,-0.462,0.004
7649,-0.216,1.150,-0.043,0.922,-0.462,-0.005
7742,-0.221,0.211,-0.323,0.015,-0.462,-0.006
7835,0.042,-0.395,-0.297,-1.053,-0.462,0.001
7928,0.246,0.269,0.199,-0.558,-0.462,-0.008
8020,0.035,0.059,0.342,0.797,-0.462,-0.002
8113,0.069,-1.260,0.082,-0.590,-0.462,-0.016
8206,0.092,-0.745,-0.010,-0.118,-0.462,-0.009
8299,-0.153,1.121,0.015,1.005,-0.462,-0.005
8392,-0.303,0.607,-0.303,0.016,-0.462,-0.015
8484,-0.119,-0.535,-0.382,-1.084,17.870,0.017
8577,0.206,-0.161,0.064,-0.564,-0.462,0.012
8670,0.135,0.444,0.404,0.782,-0.462,-0.007
8763,0.002,-0.821,0.256,0.390,-0.462,-0.058
8856,0.027,-1.121,0.074,-0.447,-0.462,-0.007
8948,-0.050,0.653,0.058,0.010,-0.462,-0.004
9041,-0.256,0.936,-0.202,-0.148,-0.462,0.001
9134,-0.187,-0.332,-0.366,-0.941,-0.462,0.014
9227,0.100,-0.363,-0.034,-0.286,-0.462,0.005
9319,0.195,0.381,0.342,0.756,-0.462,0.002
9412,0.022,-0.648,0.225,0.104,-0.462,0.006
9505,0.049,-1.284,0.059,-0.536,-0.462,-0.021
9598,0.019,0.244,0.046,0.233,-0.462,-0.005
9691,-0.195,1.067,-0.163,0.834,-0.462,-0.012
9783,-0.192,-0.095,-0.357,-0.326,-0.462,0.007
9876,0.003,-0.355,-0.077,-0.775,-0.462,0.001
9969,0.223,0.441,0.399,0.100,-0.462,0.001
10062,0.043,-0.305,0.311,0.003,-0.462,-0.014
10155,0.023,-1.176,0.109,-0.328,-0.462,0.001
10247,0.025,0.193,0.070,0.747,-0.462,-0.012
10340,-0.186,1.179,-0.135,0.665,-0.462,-0.009
10433,-0.239,0.024,-0.319,-0.508,-0.462,0.009
10526,-0.050,-0.302,-0.020,-0.580,-3.517,-0.001
10618,0.220,0.500,0.394,0.554,-0.462,-0.008
10711,0.051,-0.139,0.287,0.682,-0.462,-0.008
10804,0.015,-1.223,0.052,-0.368,-3.517,-0.007
10897,0.079,0.060,0.064,-0.282,-0.462,-0.014
10990,-0.307,1.336,-0.199,0.242,-0.462,-0.003
11082,-0.154,0.256,-0.423,-0.885,-0.462,-0.007
11175,0.174,-0.264,-0.099,-0.538,-0.462,0.002
11268,0.137,0.552,0.395,0.807,-0.462,-0.007
11361,0.014,0.192,0.338,0.613,-0.462,-0.010
11454,0.050,-1.145,0.115,-0.370,-0.462,0.008
11546,-0.027,-0.643,0.087,-0.187,-0.462,0.008
11639,-0.249,1.097,-0.074,0.883,-0.462,-0.002
11732,-0.242,0.582,-0.374,0.093,-0.462,-0.010
11825,0.032,-0.339,-0.210,-0.984,-0.462,-0.020
11918,0.210,0.266,0.304,0.888,-0.462,-0.004
12010,0.016,0.541,0.329,0.453,-0.462,-0.008
12103,0.038,-0.941,0.075,-0.552,-0.462,0.010
12196,0.042,-0.949,-0.006,-0.021,-0.462,-0.003
12289,-0.193,0.873,-0.102,0.828,-0.462,-0.003
12381,-0.218,0.655,-0.361,-0.379,-0.462,-0.002
12474,-0.045,-0.336,-0.254,-1.010,-0.462,0.001
12567,0.248,0.076,0.215,-0.159,-0.462,-0.013
12660,0.080,0.487,0.272,0.825,-0.462,-0.011
12753,0.032,-0.800,0.073,0.001,-0.462,0.011
12845,0.093,-0.971,-0.024,0.354,-0.462,-0.004
12938,-0.097,0.766,-0.125,0.681,-0.462,0.003
13031,-0.190,0.740,-0.377,-0.625,-0.462,-0.010
13124,-0.064,-0.389,-0.254,-0.845,-0.462,-0.003
13216,0.226,-0.072,0.271,0.418,-0.462,-0.005
13309,0.139,0.405,0.359,0.688,-0.462,-0.016
13402,0.043,-0.926,0.150,-0.348,-0.462,-0.001
13495,0.065,-1.189,0.038,-0.413,-0.462,-0.005
13588,-0.085,0.600,-0.076,0.773,-0.462,-0.003
13680,-0.213,0.687,-0.322,0.222,-0.462,-0.007
13773,-0.102,-0.391,-0.187,-0.813,-0.462,-0.025
13866,0.200,-0.068,0.265,0.695,-0.462,-0.007
13959,0.128,0.348,0.274,0.186,-0.462,-0.020
14052,0.026,-0.875,0.052,-0.664,-0.462,0.011
14144,0.085,-0.921,0.016,0.100,-0.462,0.010
14237,-0.074,0.887,-0.116,0.903,-0.462,0.002
14330,-0.252,0.762,-0.369,-0.297,-0.462,-0.010
14423,-0.130,-0.357,-0.151,-0.964,-0.462,-0.016
14516,0.198,-0.034,0.330,0.038,-0.462,-0.012
14608,0.152,0.466,0.348,0.865,-0.462,-0.006
14701,0.082,-0.821,0.080,-0.019,-0.462,0.008
14794,-0.004,-1.270,0.031,0.362,-0.462,0.006
14887,-0.260,0.484,-0.042,0.759,-0.462,0.001
14979,-0.245,1.055,-0.346,-0.577,-0.462,-0.016
15072,0.040,-0.149,-0.267,-1.063,-0.462,-0.018
15165,0.218,-0.302,0.212,0.073,-0.462,0.001
15258,0.044,0.444,0.356,0.762,-0.462,0.002
15351,0.052,-0.430,0.137,-0.136,-0.462,-0.014
15443,0.058,-1.381,0.041,-0.605,-0.462,-0.005
15536,-0.191,1.144,0.000,0.492,-0.462,-0.001
15629,-0.292,0.114,-0.350,0.555,-0.462,-0.017
15722,-0.129,-0.389,-0.375,-1.018,-0.462,-0.000
15815,0.186,0.373,0.121,0.278,-0.462,0.001
15907,0.128,-0.031,0.441,0.726,-0.462,-0.004
16000,0.042,-1.262,0.254,-0.122,-0.462,-0.018
16093,0.061,-0.751,0.080,-0.501,-0.462,-0.008
16186,-0.049,1.032,0.081,0.506,-0.462,0.001
16278,-0.256,0.663,-0.232,0.732,-0.462,-0.003
16371,-0.236,-0.373,-0.456,-0.561,-0.462,0.003
16464,0.062,-0.151,-0.171,-1.110,-0.462,-0.004
16557,0.283,0.457,0.341,-0.056,-0.462,-0.004
16650,0.116,-0.696,0.336,0.822,-0.462,-0.004
16742,0.083,-1.455,0.039,-0.762,-0.462,0.011
16835,0.102,0.219,0.071,0.225,-0.462,-0.004
16928,-0.125,1.164,-0.044,0.780,-0.462,-0.009
17021,-0.278,-0.016,-0.399,-0.510,-0.462,0.006
17114,-0.129,-0.393,-0.312,-1.150,-0.462,-0.009
17206,0.203,0.501,0.241,0.016,17.870,-0.004
17299,0.163,-0.303,0.379,0.828,-0.462,-0.006
17392,0.064,-1.521,0.124,-0.022,-0.462,-0.007
17485,0.086,-0.393,0.070,-0.621,-0.462,-0.011
17578,-0.020,1.193,0.046,0.399,-0.462,0.000
17670,-0.225,0.124,-0.304,-0.634,-0.462,0.002
17763,-0.161,-0.535,-0.282,-0.934,-0.462,0.001
17856,0.159,0.390,0.244,0.369,-0.462,-0.002
17949,0.192,0.044,0.393,0.775,-0.462,0.002
18042,0.000,-1.314,0.158,-0.214,-0.462,0.008
18134,0.069,-0.457,0.074,-0.447,-0.462,-0.010
18227,0.019,1.239,0.045,0.850,-0.462,-0.005
18320,-0.239,0.349,-0.313,0.487,-0.462,-0.015
18413,0.029,-0.542,-0.360,-0.771,-0.462,0.004
18505,0.184,0.130,0.124,-0.794,-0.462,0.000
18598,0.001,0.279,0.378,0.580,-0.462,-0.002
18691,0.024,-1.079,0.192,-0.329,-0.462,-0.041
18784,0.052,-1.003,0.061,-0.397,-0.462,-0.005
18877,-0.153,0.795,0.063,0.721,-0.462,-0.003
18969,-0.277,0.806,-0.221,0.331,5.648,-0.013
19062,-0.153,-0.319,-0.382,-0.791,-0.462,0.014
19155,0.157,-0.065,0.013,-0.688,-0.462,0.018
19248,0.100,0.523,0.405,0.693,-0.462,0.001
19341,0.015,-0.746,0.280,0.638,-0.462,-0.015
19433,0.054,-1.243,0.100,-0.304,-0.462,-0.013
19526,-0.085,0.452,0.093,0.936,-0.462,-0.002
19619,-0.308,1.137,-0.148,0.227,-0.462,-0.003
19712,-0.268,0.071,-0.388,-0.866,-0.462,-0.003
19805,-0.020,-0.212,-0.196,-0.757,-0.462,0.006
19897,0.188,0.553,0.373,0.579,-0.462,0.001
19990,0.099,-0.044,0.440,0.574,-0.462,-0.021
20083,0.055,-1.260,0.207,-0.344,-0.462,0.013
20176,0.036,-0.334,0.137,-0.266,-0.462,0.013
20268,-0.188,1.301,-0.018,0.922,-0.462,0.009
20361,-0.280,0.439,-0.327,0.258,-0.462,-0.002
20454,-0.103,-0.287,-0.235,-0.845,-3.517,-0.008
20547,0.194,0.273,0.291,0.701,-0.462,-0.005
20640,0.061,0.309,0.395,0.653,-0.462,-0.005
20732,-0.008,-0.971,0.186,-0.261,-0.462,-0.005
20825,0.034,-0.774,0.035,-0.168,-0.462,0.001
20918,-0.060,0.906,-0.010,0.869,-0.462,-0.005
21011,-0.281,0.995,-0.270,0.421,-0.462,-0.009
21104,-0.254,-0.080,-0.346,-0.673,-0.462,-0.002
21196,0.025,-0.079,0.031,-0.661,-0.462,0.003
21289,0.199,0.584,0.368,0.590,-0.462,0.000
21382,0.051,-0.490,0.246,0.630,-0.462,-0.039
21475,0.026,-1.117,0.087,-0.143,-0.462,-0.008
21568,0.023,0.335,0.080,1.020,-0.462,-0.008
21660,-0.171,1.230,-0.204,0.421,-0.462,-0.014
21753,-0.262,0.008,-0.403,-0.849,-0.462,0.015
21846,-0.059,-0.347,-0.026,-0.615,-0.462,0.007
21939,0.218,0.550,0.359,0.705,-0.462,0.001
22031,0.053,-0.268,0.238,0.314,-0.462,-0.038
22124,0.068,-1.269,0.063,-0.574,-0.462,-0.014
22217,-0.132,0.171,0.069,0.089,-0.462,-0.011
22310,-0.268,1.226,-0.236,0.964,-0.462,-0.009
22403,-0.094,-0.044,-0.420,-1.210,-0.462,0.015
22495,0.219,-0.362,-0.020,-0.261,-0.462,0.009
22588,0.112,0.480,0.379,0.823,-0.462,0.003
22681,0.021,-0.230,0.240,0.078,-0.462,-0.015
22774,0.092,-1.262,0.069,-0.442,-0.462,-0.015
22867,-0.094,0.108,0.084,0.630,-0.462,0.003
22959,-0.276,1.265,-0.202,0.693,5.648,0.002
23052,-0.124,0.040,-0.324,-0.715,-0.462,0.010
23145,0.207,-0.226,0.079,-0.745,-0.462,-0.003
23238,0.110,0.465,0.349,0.513,-0.462,0.000
23331,-0.004,-0.474,0.196,0.505,-0.462,-0.008
23423,0.031,-0.984,0.053,0.229,-0.462,-0.009
23516,-0.135,0.681,-0.044,0.915,-0.462,0.011
23609,-0.251,0.959,-0.276,-0.139,-0.462,-0.014
23702,-0.093,-0.141,-0.244,-0.607,-0.462,0.006
23794,0.224,0.009,0.192,0.226,-0.462,-0.010
23887,0.069,0.279,0.283,0.655,-0.462,-0.022
23980,0.004,-0.856,0.083,-0.176,-0.462,0.016
24073,0.004,-0.562,-0.011,-0.123,-0.462,0.004
24166,-0.205,1.117,-0.158,0.862,-0.462,-0.013
24258,-0.238,0.505,-0.331,-0.023,-0.462,0.003
24351,0.030,-0.311,0.007,-0.017,-0.462,0.004
24444,0.266,0.318,0.363,0.739,-0.462,-0.001
24537,0.046,0.004,0.226,-0.050,-0.462,-0.004
24630,0.061,-1.114,0.054,-0.345,-0.462,-0.006
24722,0.017,0.004,0.005,0.756,-0.462,-0.002
24815,-0.228,1.245,-0.260,0.448,-0.462,-0.002
24908,-0.206,0.157,-0.337,-0.636,-0.462,0.006
25001,0.062,-0.176,0.108,-0.363,-0.462,0.001
25094,0.217,0.486,0.407,0.768,-0.462,-0.001
25186,0.029,-0.168,0.222,0.549,-0.462,0.020
25279,0.063,-1.207,0.041,-0.147,-0.462,-0.007
25372,0.044,-0.270,0.024,0.891,-0.462,0.006
25465,-0.173,1.143,-0.261,0.123,-0.462,-0.008
25558,-0.261,0.278,-0.431,-1.005,-0.462,0.014
25650,-0.076,-0.482,-0.100,-0.671,-0.462,-0.002
25743,0.216,0.143,0.377,0.647,-0.462,-0.004
25836,0.087,0.233,0.334,0.509,-0.462,0.012
25929,0.104,-1.079,0.132,-0.367,-0.462,0.028
26021,-0.029,-0.988,0.158,-0.197,-0.462,0.004
26114,-0.252,0.873,-0.094,0.980,-0.462,-0.000
26207,-0.207,0.855,-0.446,-0.937,-0.462,-0.006
26300,0.092,-0.335,-0.303,-0.802,-0.462,-0.004
26393,0.202,-0.295,0.268,0.524,-0.462,-0.010
26485,0.054,-0.447,0.383,0.519,-0.462,-0.004
26578,0.062,-1.495,0.124,-0.419,-0.462,0.017
26671,0.081,-0.209,0.050,-0.547,-0.462,-0.008
26764,-0.152,1.202,0.049,0.708,-0.462,-0.009
26857,-0.264,0.041,-0.292,0.302,-0.462,-0.005
26949,-0.058,-0.409,-0.327,-0.959,17.870,0.010
27042,0.217,0.534,0.199,-0.696,-0.462,-0.007
27135,0.019,-0.089,0.330,0.760,-0.462,0.004
27228,-0.023,-1.180,0.114,-0.248,-0.462,-0.001
27321,-0.005,0.112,0.020,0.270,-0.462,-0.005
27413,-0.200,1.122,-0.056,0.872,-0.462,-0.002
27506,-0.246,0.053,-0.289,-0.272,-0.462,-0.004
27599,-0.091,-0.318,-0.277,-0.817,-0.462,0.000
27692,0.210,0.370,0.217,-0.044,-0.462,0.003
27784,0.090,-0.122,0.377,0.830,-0.462,-0.003
27877,-0.001,-1.168,0.134,0.140,-0.462,-0.010
27970,0.071,-0.200,0.041,-0.562,-0.462,-0.008
28063,-0.071,1.296,0.036,0.380,-0.462,-0.007
28156,-0.308,0.465,-0.294,-0.457,-0.462,-0.016
28248,-0.247,-0.333,-0.361,-1.001,-0.462,-0.001
28341,0.062,0.246,0.089,0.017,-0.462,-0.006
28434,0.165,0.283,0.409,0.960,-0.462,0.000
28527,0.019,-1.087,0.215,0.087,-0.462,-0.048
28620,0.051,-0.868,0.033,-0.538,-0.462,0.001
28712,0.013,0.990,0.050,0.454,17.870,-0.002
28805,-0.237,0.743,-0.214,0.763,-0.462,-0.007
28898,-0.263,-0.334,-0.365,-0.591,-0.462,0.012
28991,-0.029,0.053,-0.001,-0.967,-0.462,0.011
29084,0.210,0.368,0.327,0.627,-0.462,-0.002
29176,0.065,-0.934,0.188,-0.306,-0.462,-0.035
29269,0.050,-0.869,0.041,-0.348,-0.462,-0.015
29362,0.062,0.970,0.019,0.878,-0.462,-0.001
29455,-0.167,0.706,-0.256,0.233,-0.462,0.006
29548,-0.013,-0.293,-0.346,-0.886,-0.462,0.012
29640,0.233,0.218,0.117,-0.426,-0.462,0.006
29733,0.050,0.309,0.351,0.695,-0.462,-0.004
29826,0.039,-0.907,0.147,0.258,-0.462,-0.004
29919,0.031,-0.323,0.018,-0.430,-0.462,0.003
30011,-0.200,1.248,-0.079,0.512,-0.462,0.001
30104,-0.220,0.424,-0.369,-0.399,-0.462,-0.012
30197,-0.012,-0.243,-0.301,-0.581,-0.462,-0.004
30290,0.209,0.298,0.184,0.451,-0.462,0.008
30383,0.030,0.048,0.275,0.691,-0.462,-0.013
30475,0.028,-1.056,0.067,-0.262,17.870,0.001
30568,0.019,-0.123,0.003,-0.084,-0.462,0.005
30661,-0.197,1.177,-0.146,0.917,-0.462,0.003
30754,-0.197,0.135,-0.368,-0.083,-0.462,-0.006
30847,0.035,-0.263,-0.138,-0.881,-0.462,-0.003
30939,0.234,0.486,0.315,-0.126,-0.462,-0.009
31032,0.023,-0.046,0.295,0.198,-0.462,-0.031
31125,0.032,-1.213,0.066,-0.603,-0.462,0.007
31218,0.052,-0.350,0.005,0.187,-0.462,-0.002
31311,-0.182,1.218,-0.093,0.898,-0.462,-0.004
31403,-0.288,0.440,-0.387,-0.289,-0.462,0.012
31496,-0.142,-0.313,-0.302,-0.916,-0.462,-0.003
31589,0.167,0.326,0.199,-0.027,-0.462,-0.003
31682,0.130,0.230,0.332,0.879,-0.462,-0.008
31774,0.051,-1.187,0.139,0.059,-0.462,0.015
31867,0.074,-1.006,0.042,-0.540,-0.462,-0.020
31960,-0.055,0.860,-0.020,0.901,-0.462,-2.059
32053,-0.259,0.797,-0.345,-0.470,-0.462,-0.015
32146,-0.213,-0.340,-0.403,-1.173,-0.462,0.008
32238,0.067,-0.234,0.056,-0.233,-0.462,0.009
32331,0.221,0.521,0.419,0.875,-0.462,0.005
32424,0.075,-0.580,0.226,0.175,-0.462,0.025
32517,0.047,-1.428,0.024,-0.595,-0.462,-0.003
32610,0.056,-0.177,0.025,-0.067,-0.462,0.006
32702,-0.125,1.119,-0.187,0.800,-0.462,0.010
32795,-0.228,0.117,-0.427,-0.194,-0.462,-0.001
32888,-0.120,-0.460,-0.223,-0.410,-0.462,-0.005
32981,0.189,0.257,0.336,0.906,-0.462,-0.009
33074,0.170,0.194,0.340,0.416,-0.462,-0.025
33166,0.039,-1.172,0.052,-0.591,-0.462,0.008
33259,-0.005,-0.773,0.018,-0.015,-0.462,-0.003
33352,-0.238,1.099,-0.075,0.926,-0.462,0.007
33445,-0.188,0.608,-0.338,-0.207,-0.462,-0.005
33538,0.109,-0.347,-0.211,-0.913,-0.462,-0.014
33630,0.177,0.200,0.247,-0.088,-0.462,0.001
33723,0.002,0.365,0.271,0.682,-0.462,-0.017
33816,0.051,-0.955,0.078,-0.108,-0.462,0.011
33909,-0.015,-0.659,-0.014,0.468,-0.462,0.002
34001,-0.211,0.985,-0.132,0.567,-0.462,-0.003
34094,-0.169,0.453,-0.341,-0.500,-0.462,-0.013
34187,0.093,-0.282,-0.181,-0.484,-0.462,-0.025
34280,0.227,0.237,0.271,0.481,-0.462,-0.004
34373,-0.008,0.317,0.263,0.523,-0.462,0.012
34465,0.019,-0.927,0.078,-0.273,-0.462,0.001
34558,-0.037,-0.283,0.019,0.050,-0.462,-0.002
34651,-0.230,1.238,-0.205,0.879,-0.462,-0.012
34744,-0.168,0.317,-0.387,-0.207,-0.462,0.000
34837,0.109,-0.294,-0.032,0.045,-0.462,0.006
34929,0.201,0.358,0.351,0.670,-0.462,-0.004
35022,0.021,-0.134,0.201,-0.097,-0.462,0.009
35115,0.064,-1.173,0.023,-0.376,-0.462,-0.002
35208,-0.049,0.035,-0.012,0.678,-0.462,-0.003
35300,-0.252,1.232,-0.272,0.292,-0.462,-0.006
35393,-0.174,0.076,-0.380,-0.856,-0.462,0.004
35486,0.102,-0.254,0.024,-0.653,-0.462,0.007
35579,0.198,0.514,0.334,0.495,-0.462,-0.007
35672,0.037,-0.135,0.215,0.410,-0.462,0.030
35764,0.052,-1.141,0.035,0.062,-0.462,-0.015
35857,-0.031,0.049,-0.067,0.814,-0.462,-0.001
35950,-0.225,1.138,-0.285,-0.219,-0.462,-0.006
36043,-0.173,0.084,-0.372,-0.844,-0.462,0.001
36136,0.095,-0.189,0.052,-0.146,-0.462,-0.001
36228,0.234,0.487,0.316,0.742,-0.462,-0.006
36321,0.022,-0.145,0.188,0.117,-0.462,-2.105
36414,0.010,-1.178,0.054,-0.415,-0.462,-0.012
36507,-0.033,-0.067,0.008,0.477,-0.462,-0.006
36599,-0.242,1.182,-0.203,0.736,-0.462,-0.010
36692,-0.247,0.175,-0.279,-0.458,-0.462,0.004
36785,-0.024,-0.185,0.139,0.353,-0.462,-0.018
36878,0.202,0.468,0.391,0.753,-0.462,-0.004
36971,0.005,-0.118,0.224,-0.203,-0.462,0.018
37063,0.005,-1.240,0.063,-0.400,-0.462,0.003
37156,-0.199,-0.275,0.003,0.779,-0.462,-0.008
37249,-0.283,1.179,-0.271,0.447,-0.462,-0.008
37342,-0.143,0.346,-0.404,-0.711,-0.462,0.012
37435,0.144,0.293,-0.021,-0.792,-0.462,-0.002
37527,0.110,0.326,0.421,0.392,-0.462,-0.006
37620,0.027,-1.093,0.319,0.652,-0.462,0.031
37713,0.025,-0.979,0.104,-0.351,-0.462,0.009
37806,-0.078,0.828,0.056,0.715,-0.462,0.013
37898,-0.262,0.779,-0.159,0.513,-0.462,0.002
37991,-0.226,-0.285,-0.374,-0.648,-0.462,0.002
38084,0.024,-0.160,-0.192,-0.828,-0.462,-0.014
38177,0.177,0.517,0.327,0.259,-0.462,-0.011
38270,0.040,-0.508,0.377,0.751,-0.462,-0.001
38362,0.029,-1.353,0.157,-0.143,-0.462,-0.025
38455,0.049,0.015,0.080,-0.519,-0.462,-0.013
38548,-0.170,1.391,0.010,0.655,-0.462,-0.012
38641,-0.314,0.315,-0.333,-0.445,-0.462,-0.009
38734,-0.132,-0.352,-0.320,-0.934,-0.462,-0.007
38826,0.181,0.488,0.172,0.202,-0.462,-0.019
38919,0.121,0.166,0.416,0.868,-0.462,-0.001
39012,0.013,-1.258,0.198,-0.099,-0.462,-0.019
39105,0.070,-0.801,0.037,-0.620,-0.462,-0.003
39197,-0.021,1.162,0.072,0.499,-0.462,0.002
39290,-0.277,0.745,-0.259,0.826,-0.462,-0.007
39383,-0.276,-0.407,-0.414,-0.510,-0.462,0.013
39476,0.027,0.067,0.003,-0.961,-0.462,0.016
39569,0.191,0.406,0.406,0.831,-0.462,0.004
39661,0.045,-0.955,0.263,-0.091,-0.462,-0.012
39754,0.048,-1.045,0.058,-0.425,-0.462,-0.020
39847,0.034,0.822,0.116,0.787,-0.462,-0.005
39940,-0.214,0.916,-0.159,0.538,-0.462,-0.005
40033,-0.261,-0.248,-0.415,-0.837,-0.462,0.005
40125,-0.090,-0.202,-0.148,-0.931,-0.462,0.001
40218,0.202,0.515,0.305,0.395,-0.462,-0.007
40311,0.108,-0.570,0.226,0.745,-0.462,0.015
40404,0.022,-1.232,0.029,-0.217,-0.462,0.018
40496,0.055,0.299,-0.004,-0.313,-0.462,0.015
40589,-0.084,1.050,-0.177,0.230,-0.462,0.000
40682,-0.123,-0.158,-0.405,-0.943,-0.462,-0.005
40775,0.171,-0.335,-0.208,-0.755,-0.462,-0.010
40868,0.186,0.457,0.272,0.526,-0.462,-0.008
40960,0.043,-0.301,0.286,0.436,-0.462,-0.013
41053,0.072,-1.273,0.073,-0.418,-0.462,0.011
41146,-0.000,-0.106,0.005,-0.195,-0.462,0.006
41239,-0.207,1.153,-0.154,0.849,-0.462,0.001
41331,-0.179,0.086,-0.451,0.047,-0.462,0.008
41424,0.038,-0.499,-0.341,-1.030,-0.462,0.012
41517,0.240,0.301,0.231,0.643,-0.462,-0.007
41610,0.103,0.314,0.421,0.452,-0.462,0.001
41703,0.065,-1.100,0.206,-0.427,-0.462,0.009
41795,0.088,-0.852,0.092,-0.208,-0.462,-0.014
41888,-0.124,1.055,0.029,0.967,-0.462,-0.001
41981,-0.242,0.698,-0.303,0.258,-0.462,-0.015
42074,-0.125,-0.410,-0.352,-0.823,-0.462,0.000
42167,0.165,-0.106,0.074,-0.592,-0.462,0.001
42259,0.132,0.577,0.408,0.635,-0.462,0.000
42352,0.019,-0.733,0.198,0.467,-0.462,-0.007
42445,0.094,-1.223,0.032,-0.201,-0.462,-0.010
42538,-0.019,0.609,0.052,0.949,-0.462,-0.005
42631,-0.246,1.113,-0.261,0.089,-0.462,-0.011
42723,-0.218,-0.123,-0.397,-0.913,-0.462,0.011
42816,0.071,-0.303,-0.021,-0.528,-0.462,-0.002
42909,0.194,0.513,0.368,0.707,-0.462,0.010
43002,0.024,-0.443,0.197,0.306,-0.462,-0.022
43094,0.076,-1.337,-0.006,-0.538,-0.462,0.003
43187,0.061,0.046,0.021,-0.150,-0.462,-0.011
43280,-0.189,1.213,-0.204,0.850,-0.462,-0.004
43373,-0.255,0.048,-0.441,-0.116,-0.462,-0.007
43466,-0.033,-0.498,-0.170,-0.446,-0.462,-0.002
43558,0.236,0.352,0.318,0.748,17.870,-0.002
43651,0.085,-0.095,0.260,0.213,-0.462,-0.010
43744,0.041,-1.282,0.073,-0.464,-0.462,0.016
43837,0.076,-0.281,0.072,0.245,-0.462,-0.003
43930,-0.129,1.290,-0.125,0.966,-0.462,0.001
44022,-0.301,0.351,-0.408,-0.318,-0.462,-0.008
44115,-0.166,-0.429,-0.216,-1.013,-0.462,-0.005
44208,0.172,0.211,0.297,-0.138,-0.462,-0.003
44301,0.148,0.173,0.293,0.800,-0.462,-0.009
44393,0.051,-1.204,0.101,-0.487,-0.462,0.011
44486,-0.044,-0.850,0.054,0.360,-0.462,-0.006
44579,-0.253,0.995,-0.084,0.770,-0.462,-0.002
44672,-0.197,0.567,-0.403,-0.602,-0.462,-0.001
44765,0.064,-0.472,-0.336,-1.019,-0.462,0.002
44857,0.219,-0.059,0.213,-0.016,-0.462,-0.007
44950,0.063,0.562,0.366,0.831,-0.462,-0.003
45043,0.073,-0.768,0.150,0.012,-0.462,0.009
45136,0.062,-1.088,0.084,-0.497,-0.462,-0.007
45229,-0.193,0.768,0.032,0.607,-0.462,-0.004
45321,-0.268,1.049,-0.312,-0.528,-0.462,-0.006
45414,-0.036,-0.231,-0.295,-0.790,-0.462,0.005
45507,0.215,-0.063,0.221,0.339,-0.462,-0.004
45600,0.056,0.590,0.353,0.645,-0.462,-0.004
45693,0.042,-0.706,0.139,-0.301,-0.462,0.011
45785,0.080,-1.305,0.057,-0.405,-0.462,-0.006
45878,-0.123,0.477,0.001,0.840,-0.462,0.009
45971,-0.222,1.036,-0.312,0.378,-0.462,-0.005
46064,-0.103,-0.206,-0.353,-0.748,-0.462,0.003
46156,0.159,-0.347,0.132,-0.748,-0.462,-0.005
46249,0.120,0.501,0.422,0.714,-0.462,-0.003
46342,0.030,-0.232,0.215,-0.281,-0.462,-0.023
46435,0.081,-1.410,0.027,-0.543,-0.462,-0.011
46528,0.009,-0.485,0.047,0.652,-0.462,0.002
46620,-0.225,1.194,-0.228,0.519,5.648,0.001
46713,-0.243,0.466,-0.429,-0.715,-0.462,-0.002
46806,-0.045,-0.366,-0.152,-0.976,-0.462,0.003
46899,0.175,0.193,0.371,0.224,-0.462,-0.006
46992,0.103,0.476,0.333,0.675,-0.462,-0.004
47084,0.079,-0.978,0.110,-0.213,-0.462,-0.010
47177,0.096,-1.265,0.075,-0.606,-0.462,-0.007
47270,-0.057,0.502,-0.073,0.642,-0.462,0.002
47363,-0.248,1.048,-0.456,-0.622,-0.462,-0.003
47455,-0.197,-0.081,-0.450,-1.167,-0.462,0.009
47548,0.073,-0.370,0.088,-0.197,-0.462,0.008
47641,0.235,0.538,0.417,0.894,-0.462,0.007
47734,0.099,0.060,0.194,0.187,-0.462,0.029
47827,0.078,-1.337,-0.014,-0.730,-0.462,-0.002
47919,0.082,-0.816,0.016,-0.092,-0.462,-0.014
48012,-0.120,1.077,-0.288,0.849,-0.462,0.002
48105,-0.131,0.629,-0.501,-0.185,-0.462,0.008
48198,0.197,-0.412,-0.144,-0.323,-0.462,0.005
48291,0.131,0.111,0.313,0.828,-0.462,-0.007
48383,0.041,-0.904,0.235,0.123,-0.462,0.024
48476,0.094,-0.944,0.041,-0.622,-0.462,0.013
48569,-0.050,1.049,0.083,0.393,-0.462,0.020
48662,-0.289,0.980,-0.146,0.974,-0.462,0.000
48754,-0.206,-0.297,-0.420,-0.345,-0.462,0.003
48847,0.123,-0.031,-0.160,-0.972,-0.462,0.004
48940,0.189,0.532,0.325,0.102,-0.462,-0.009
49033,0.044,-0.748,0.304,0.832,-0.462,-0.014
49126,0.061,-1.174,0.075,-0.470,-0.462,0.002
49218,0.013,0.572,0.051,0.603,-0.462,0.014
49311,-0.218,1.008,-0.119,0.718,-0.462,0.006
49404,-0.225,-0.282,-0.418,-0.670,-0.462,-0.007
49497,0.024,-0.313,-0.206,-0.964,-0.462,-0.009
49590,0.238,0.582,0.320,0.351,-0.462,-0.002
49682,0.051,-0.352,0.308,0.764,-0.462,-0.025
49775,0.049,-1.323,0.071,-0.271,-0.462,0.003
49868,0.101,0.137,0.042,-0.502,-0.462,0.001
49961,-0.147,1.178,-0.070,0.787,-0.462,0.003
50053,-0.259,-0.051,-0.412,0.499,-0.462,0.003
50146,-0.110,-0.379,-0.304,-0.807,-0.462,-0.005
50239,0.185,0.442,0.216,0.457,-0.462,-0.012
50332,0.099,-0.089,0.328,0.531,-0.462,-0.003
50425,0.016,-1.299,0.090,-0.436,-0.462,0.017
50517,0.080,-0.536,-0.028,-0.518,-0.462,-0.010
50610,-0.040,1.151,-0.035,0.668,-0.462,0.007
50703,-0.232,0.390,-0.335,0.384,-0.462,-0.007
50796,-0.169,-0.583,-0.398,-0.871,-0.462,0.005
50889,0.097,0.028,0.051,-0.992,-0.462,-0.002
50981,0.224,0.451,0.453,0.444,-0.462,-0.002
51074,0.088,-1.019,0.255,-0.304,-0.462,-0.034
51167,0.084,-1.152,0.067,-0.421,-0.462,-0.018
51260,0.089,0.787,0.103,0.791,-0.462,-0.005
51352,-0.172,0.952,-0.228,0.464,-0.462,-0.003
51445,-0.291,-0.298,-0.450,-0.851,-0.462,-0.010
51538,-0.112,-0.378,-0.189,-1.036,-0.462,-0.001
51631,0.195,0.483,0.316,0.278,-0.462,0.000
51724,0.173,-0.424,0.309,0.571,-0.462,-0.000
51816,0.119,-1.478,0.099,-0.299,17.870,0.000
51909,0.028,-0.422,0.074,-0.599,-0.462,-0.000
52002,-0.214,1.166,-0.056,0.567,-0.462,-0.002
52095,-0.206,0.279,-0.399,-0.710,-0.462,-0.002
52188,0.066,-0.404,-0.323,-0.986,-0.462,-0.004
52280,0.245,0.280,0.204,0.262,-0.462,-0.011
52373,0.079,0.136,0.348,0.738,-0.462,-0.007
52466,0.085,-1.262,0.109,-0.233,-0.462,-0.006
52559,0.078,-0.757,0.031,-0.472,-0.462,-0.003
52651,-0.163,1.129,-0.018,0.747,-0.462,-0.003
52744,-0.242,0.538,-0.374,0.476,-0.462,-0.005
52837,-0.018,-0.501,-0.365,-0.942,-0.462,0.010
52930,0.260,-0.010,0.194,0.456,-0.462,0.003
53023,0.090,0.308,0.423,0.581,-0.462,-0.003
53115,0.004,-1.079,0.244,-0.292,17.870,0.015
53208,0.026,-1.030,0.152,-0.155,-0.462,-0.003
53301,-0.160,0.851,0.108,0.991,-0.462,-0.005
53394,-0.330,0.680,-0.234,0.220,-0.462,-0.003
53487,-0.227,-0.407,-0.312,-0.857,-0.462,0.012
53579,0.102,-0.064,0.153,-0.508,-0.462,0.004
53672,0.083,0.467,0.387,0.678,-0.462,0.006
53765,0.027,-0.885,0.166,0.225,-0.462,0.021
53858,0.102,-0.936,0.018,-0.571,-0.462,-0.008
53950,-0.041,0.852,-0.052,0.813,-0.462,-0.002
54043,-0.215,0.660,-0.324,-0.295,-0.462,-0.013
54136,-0.118,-0.344,-0.276,-0.675,-0.462,0.007
54229,0.185,0.164,0.231,0.247,-0.462,0.005
54322,0.130,0.326,0.305,0.621,-0.462,-0.014
54414,0.019,-0.987,0.100,-0.208,-0.462,0.006
54507,0.057,-0.617,0.026,-0.211,-0.462,0.003
54600,-0.094,1.068,-0.098,0.911,-0.462,0.007
54693,-0.230,0.497,-0.390,0.311,-0.462,-0.007
54786,-0.114,-0.367,-0.290,-0.860,-0.462,-0.003
54878,0.165,0.200,0.242,0.723,-0.462,-0.008
54971,0.126,0.402,0.293,0.423,-0.462,-0.012
55064,0.007,-0.986,0.090,-0.495,-0.462,0.004
55157,0.062,-0.726,0.057,0.059,-0.462,0.003
55249,-0.087,1.084,-0.038,0.921,-0.462,-0.003
55342,-0.292,0.539,-0.345,-0.199,-0.462,-0.004
55435,-0.193,-0.412,-0.186,-0.907,-0.462,-0.008
55528,0.143,0.221,0.321,0.056,-0.462,-0.006
55621,0.008,0.277,0.293,0.766,-0.462,-0.026
55713,0.081,-1.088,0.068,-0.130,-0.462,0.011
55806,-0.013,-0.708,0.060,0.607,-0.462,0.009
55899,-0.249,1.131,-0.094,0.641,-0.462,0.000
55992,-0.213,0.707,-0.428,-0.645,-0.462,-0.007
56084,0.068,-0.337,-0.290,-0.942,-0.462,0.005
56177,0.215,0.105,0.238,0.327,-0.462,-0.010
56270,0.076,0.560,0.297,0.727,-0.462,-0.000
56363,0.099,-0.931,0.071,-0.332,-0.462,-0.004
56456,0.105,-1.221,0.020,-0.542,-0.462,-0.005
56548,-0.133,0.755,-0.073,0.788,-0.462,-0.010
56641,-0.193,0.955,-0.434,0.539,-0.462,0.001
56734,-0.033,-0.304,-0.393,-0.731,-0.462,0.015
56827,0.228,-0.232,0.115,0.531,-0.462,0.011
56920,0.118,0.459,0.269,0.654,-0.462,-0.005
57012,0.056,-0.651,0.096,-0.317,-0.462,0.027
57105,0.083,-1.319,0.032,-0.247,-0.462,-0.003
57198,-0.098,0.339,0.008,0.995,-0.462,-0.003
57291,-0.238,1.040,-0.336,0.197,-0.462,-0.001
57383,-0.113,-0.202,-0.292,-0.734,-0.462,0.001
57476,0.172,-0.127,0.213,-0.175,-0.462,0.005
57569,0.080,0.469,0.294,0.859,-0.462,-0.008
57662,0.018,-0.734,0.096,0.196,-0.462,0.016
57755,0.061,-1.088,0.018,0.521,-0.462,0.001
57847,-0.132,0.687,-0.133,0.680,-0.462,0.000
57940,-0.203,0.705,-0.377,-0.520,-0.462,-0.007
58033,-0.052,-0.390,-0.173,-0.612,-0.462,-0.011
58126,0.227,-0.045,0.284,0.449,-0.462,-0.012
58218,0.094,0.353,0.285,0.592,-0.462,-0.013
58311,0.016,-0.819,0.068,-0.312,-0.462,0.016
58404,0.056,-0.831,-0.011,-0.147,-0.462,0.011
58497,-0.115,0.851,-0.197,0.850,-0.462,-0.001
58590,-0.193,0.604,-0.384,0.038,-0.462,-0.008
58682,-0.086,-0.386,-0.176,-0.309,17.870,-0.011
58775,0.201,-0.013,0.280,0.812,-0.462,-0.009
58868,0.120,0.412,0.280,0.294,-0.462,-0.000
58961,0.012,-0.851,0.048,-0.544,-0.462,0.019
59054,0.069,-0.974,0.009,0.213,-0.462,0.003
59146,-0.093,0.804,-0.167,0.792,-0.462,0.005
59239,-0.178,0.714,-0.365,-0.325,-0.462,-0.001
59332,0.121,-0.033,-0.178,-0.717,-0.462,-0.013
59425,0.155,0.393,0.280,0.115,-0.462,-0.003
59517,0.013,-0.801,0.298,0.813,-0.462,0.003
59610,0.038,-1.038,0.095,-0.322,-0.462,0.017
59703,-0.063,0.739,0.059,0.804,-0.462,0.007
59796,-0.271,1.036,-0.093,0.772,-0.462,-0.005
59889,-0.221,-0.094,-0.353,-0.573,-0.462,-0.011
59981,0.074,0.007,-0.177,-0.742,-0.462,-0.012
60074,0.205,0.612,0.308,0.565,-0.462,-0.008
60167,0.035,-0.653,0.298,0.703,-0.462,-0.026
60260,0.085,-1.224,0.050,-0.428,-0.462,0.006
60352,0.035,0.628,0.100,-0.314,-0.462,0.010
60445,-0.251,1.190,-0.049,1.086,-0.462,-0.001
60538,-0.275,-0.067,-0.340,0.370,-0.462,-0.011
60631,-0.030,-0.209,-0.218,-0.561,-0.462,-0.003
60724,0.200,0.532,0.277,0.751,-0.462,-0.004
60816,0.063,-0.408,0.361,0.511,17.870,-0.009
60909,0.031,-1.392,0.132,-0.439,-0.462,0.012
61002,0.056,-0.065,0.047,-0.160,-0.462,-0.001
61095,-0.140,1.160,-0.057,0.931,-0.462,-0.005
61188,-0.251,0.008,-0.361,0.117,-0.462,-0.003
61280,-0.122,-0.463,-0.318,-0.826,-0.462,-0.004
61373,0.178,0.353,0.190,-0.424,-0.462,-0.004
61466,0.109,-0.065,0.360,0.685,-0.462,0.000
61559,0.023,-1.274,0.136,-0.515,-0.462,-0.002
61651,0.083,-0.249,0.047,0.178,-0.462,-0.010
61744,-0.075,1.150,-0.042,0.878,-0.462,-0.002
61837,-0.231,-0.036,-0.366,-0.507,-0.462,-0.004
61930,-0.088,-0.497,-0.257,-1.028,-0.462,0.001
62023,0.222,0.435,0.269,0.094,-0.462,-0.004
62115,0.134,-0.124,0.297,0.654,-0.462,-0.029
62208,0.032,-1.270,0.030,-0.304,-0.462,0.009
62301,0.113,-0.044,0.016,-0.547,-0.462,0.002
62394,-0.056,1.179,-0.092,0.746,-0.462,0.007
62486,-0.238,-0.031,-0.378,-0.701,-0.462,-0.010
62579,-0.128,-0.301,-0.191,-0.412,-0.462,-0.018
62672,0.172,0.516,0.316,0.725,-0.462,-0.012
62765,0.124,-0.325,0.285,0.373,-0.462,-0.016
62858,0.010,-1.201,0.062,-0.382,-0.462,0.013
62950,-0.099,0.311,-0.002,0.196,-0.462,0.003
63043,-0.217,1.003,-0.213,0.708,-0.462,-0.016
63136,-0.071,-0.255,-0.395,-0.538,-0.462,0.007
63229,0.216,-0.147,-0.021,-0.778,-0.462,-0.004
63321,0.125,0.514,0.372,0.348,-0.462,-0.002
63414,0.023,-0.636,0.208,0.690,-0.462,0.007
63507,0.076,-1.195,0.039,-0.326,-0.462,-0.015
63600,-0.098,0.573,0.050,0.935,-0.462,-0.006
63693,-0.265,1.064,-0.239,0.301,-0.462,-0.006
63785,-0.122,-0.239,-0.422,-0.963,-0.462,0.011
63878,0.190,-0.185,-0.018,-0.599,-0.462,0.017
63971,0.127,0.481,0.335,0.682,-0.462,0.001
64064,0.021,-0.688,0.188,0.311,-0.462,-0.031
64156,0.071,-1.170,0.061,-0.484,-0.462,-0.008
64249,-0.054,0.550,0.049,0.131,-0.462,-0.003
64342,-0.264,1.028,-0.284,0.958,-0.462,-0.009
64435,-0.169,-0.213,-0.437,-1.012,-0.462,0.010
64528,0.154,-0.168,-0.007,-0.087,-0.462,0.004
64620,0.179,0.530,0.332,0.762,-0.462,-0.000
64713,0.044,-0.613,0.130,-0.084,-0.462,-0.020
64806,0.083,-1.346,-0.049,-0.754,-0.462,-0.005
64899,0.011,0.215,0.028,0.294,-0.462,-0.000
64991,-0.220,1.116,-0.254,0.779,-0.462,-0.008
65084,-0.230,-0.058,-0.483,-0.442,-0.462,-0.000
65177,0.021,-0.476,-0.172,-1.090,-0.462,0.006
65270,0.215,0.466,0.360,-0.016,-0.462,-0.001
65363,0.111,-0.099,0.339,-0.025,-0.462,-0.003
65455,0.071,-1.417,0.102,-0.593,-0.462,0.017
65548,0.081,-0.496,0.098,0.508,-0.462,0.003
65641,-0.137,1.282,-0.093,0.867,-0.462,0.005
65734,-0.240,0.340,-0.394,-0.512,-0.462,-0.005
65826,-0.101,-0.309,-0.143,-0.780,-0.462,-0.001
65919,0.174,0.451,0.392,0.438,-0.462,-0.008
66012,0.072,0.220,0.350,0.875,-0.462,-0.009
66105,-0.005,-1.040,0.133,-0.104,-0.462,0.011
66198,0.053,-0.151,0.129,-0.081,-0.462,0.006
66290,-0.146,1.359,-0.098,-8.329,-0.462,-0.004
66383,-0.292,0.348,-0.359,-86.490,-0.462,-0.010
66476,-0.187,-0.341,-0.170,-0.485,-0.462,-0.003
66569,0.075,0.307,0.310,0.725,-0.462,-0.008
66661,0.028,0.244,0.348,0.624,-0.462,-0.009
66754,0.037,-1.107,0.097,-0.324,-0.462,-0.003
66847,-0.022,-1.079,0.012,-0.334,-0.462,-0.003
66940,-0.245,0.740,-0.052,0.808,-0.462,-0.001
67033,-0.263,0.930,-0.373,0.457,-0.462,-0.015
67125,-0.075,-0.230,-0.328,-0.677,-0.462,0.003
67218,0.181,-0.147,0.140,-0.700,-0.462,0.004
67311,0.072,0.654,0.398,0.757,-0.462,-0.001
